users,bandwidth_usage,latency,traffic,congestion
344,49,58,67,1
57,33,118,65,0
288,89,56,75,1
481,24,11,30,0
78,65,128,14,0
360,22,38,65,1
297,62,76,100,1
451,17,145,28,1
397,56,150,83,2
399,21,134,83,1
314,79,37,75,1
391,73,98,77,2
482,74,56,55,2
102,89,42,80,1
23,56,55,46,0
198,71,8,20,0
219,60,53,45,1
440,83,118,92,2
41,22,17,67,0
159,54,121,23,0
434,91,73,36,1
148,20,56,97,0
354,51,44,89,1
101,88,58,43,1
311,22,82,80,1
126,87,78,93,1
188,22,126,53,0
193,26,53,17,0
184,16,104,91,1
100,91,18,70,1
72,32,106,14,0
203,100,110,70,2
336,10,17,82,1
224,90,120,100,2
366,41,13,24,0
325,66,96,100,2
193,15,113,87,1
308,44,89,70,1
418,71,147,43,2
43,34,101,14,0
474,98,125,12,2
96,88,39,67,1
262,42,10,73,1
317,77,139,61,2
191,22,84,27,0
398,12,81,75,1
32,75,144,67,1
39,50,45,44,0
353,97,21,30,1
367,75,129,22,1
457,65,22,37,1
462,64,47,59,1
61,41,41,20,0
451,66,52,33,1
98,37,40,90,0
197,53,28,72,1
51,55,87,97,1
106,70,111,43,1
461,29,138,24,1
366,91,117,89,2
316,21,40,89,1
451,11,41,39,0
27,16,140,70,0
499,57,81,60,2
32,55,87,39,0
145,33,147,63,1
160,70,91,84,1
152,68,38,54,1
414,45,6,16,0
176,57,14,43,0
251,86,97,45,1
387,51,143,81,2
216,28,86,51,0
112,51,112,33,0
284,99,34,82,2
291,55,62,46,1
446,19,22,40,0
346,72,27,87,1
479,73,76,43,1
320,78,142,31,1
49,93,148,82,1
73,81,124,27,1
472,29,83,82,1
399,56,51,70,1
404,21,80,92,1
268,30,9,64,0
207,65,26,22,0
218,72,22,48,1
98,57,47,74,1
144,21,16,45,0
207,38,78,13,0
405,82,70,65,2
405,41,147,31,1
359,67,64,48,1
316,98,75,92,2
321,44,93,32,1
449,34,132,62,1
75,62,117,22,0
453,61,53,17,1
217,40,30,49,0
471,27,42,59,1
464,21,6,47,1
341,98,148,23,2
344,93,134,65,2
116,81,54,47,1
474,44,111,92,2
63,31,125,27,0
45,47,57,28,0
240,45,39,17,0
258,19,106,10,0
344,16,83,44,0
277,98,54,12,1
334,76,96,44,1
490,60,150,25,1
405,12,145,66,1
87,99,9,41,1
303,63,76,43,1
337,52,46,64,1
468,51,12,29,1
147,30,13,44,0
197,94,137,87,2
114,84,92,88,1
205,87,83,88,1
300,84,81,28,1
68,61,124,87,1
161,24,15,12,0
395,32,64,41,1
352,81,21,15,1
208,83,20,55,1
405,55,29,37,1
389,40,36,52,1
210,22,67,33,0
220,94,135,21,1
51,86,97,31,1
312,88,140,32,1
86,52,131,10,0
445,90,125,23,2
331,77,124,73,2
311,82,79,67,1
120,16,59,75,0
499,23,89,21,1
113,49,65,26,0
419,67,75,53,1
214,29,11,47,0
230,29,62,53,0
385,47,62,62,1
160,19,56,37,0
422,55,28,85,1
224,98,148,23,1
190,50,91,51,1
337,39,49,55,1
298,82,22,13,1
200,31,19,16,0
467,78,18,17,1
224,53,119,26,1
389,33,37,46,1
442,23,35,91,1
237,18,66,59,0
468,46,109,100,2
57,20,84,37,0
162,91,18,89,1
283,88,143,33,1
355,38,122,50,1
304,56,64,84,1
393,30,136,79,1
169,28,47,81,0
454,21,48,50,1
108,62,102,25,0
202,21,35,88,0
32,33,106,48,0
152,10,134,15,0
226,97,120,89,2
457,48,135,98,2
82,63,12,70,0
481,72,9,73,1
440,65,46,34,1
258,98,84,52,1
384,38,122,37,1
327,58,121,15,1
132,30,58,56,0
330,86,138,62,2
448,10,31,91,1
254,85,78,21,1
198,51,134,71,1
90,29,74,95,1
105,47,12,52,0
343,95,113,48,2
471,68,33,12,1
406,80,30,67,1
470,15,136,14,1
41,63,143,34,0
92,69,132,75,1
494,94,141,62,2
340,17,77,91,1
329,81,126,59,2
150,29,20,61,0
401,79,65,70,2
344,93,99,96,2
43,77,82,64,1
446,87,78,38,2
280,42,65,81,1
78,14,37,24,0
70,14,66,80,0
379,12,26,42,0
218,56,79,38,1
152,79,8,86,1
304,66,48,99,1
123,91,26,99,1
500,86,40,95,2
71,28,82,100,1
344,58,33,94,1
138,84,109,11,1
261,75,119,65,1
490,71,111,92,2
416,52,100,54,1
471,55,18,33,1
444,28,128,95,2
49,14,144,78,0
466,81,15,89,2
455,82,147,27,2
358,53,11,40,1
451,95,115,50,2
252,87,24,100,1
360,30,91,64,1
433,46,24,89,1
51,79,80,80,1
345,28,7,82,1
408,14,110,100,1
138,47,85,15,0
256,25,51,52,0
178,56,67,24,0
21,89,67,71,1
339,100,103,83,2
348,37,20,90,1
402,40,63,82,1
229,20,22,88,0
222,10,76,59,0
63,88,110,42,1
167,99,81,18,1
392,40,128,44,1
486,46,127,16,1
400,57,147,97,2
489,12,109,31,1
40,17,19,71,0
465,14,87,33,1
176,17,79,76,0
278,33,120,13,0
103,29,56,96,0
184,92,122,22,1
126,50,118,68,1
208,48,130,64,1
175,82,19,29,0
500,84,54,12,1
278,46,94,56,1
164,21,111,33,0
62,10,49,13,0
174,97,132,24,1
202,50,9,35,0
44,27,22,53,0
416,68,137,10,1
102,72,54,67,1
108,100,144,58,1
174,21,104,14,0
361,33,8,24,0
196,48,15,65,0
167,90,56,100,1
65,51,74,22,0
155,43,16,10,0
227,85,19,65,1
35,74,43,89,1
124,53,31,86,1
96,91,29,46,1
203,53,135,89,1
302,29,50,54,1
114,24,135,62,0
313,77,34,33,1
107,71,139,41,1
461,80,124,11,1
472,40,132,73,2
103,70,111,11,0
440,46,109,89,2
247,88,19,11,1
306,84,48,29,1
55,90,32,43,0
425,71,82,51,1
364,45,117,98,2
428,36,18,59,1
312,38,93,82,1
350,75,50,22,1
477,52,119,31,1
309,16,105,26,0
465,95,45,21,1
203,69,115,11,1
110,18,106,87,0
114,53,108,12,0
192,57,59,23,0
228,68,31,87,1
300,62,61,73,1
452,26,141,52,1
206,91,141,92,2
334,13,109,22,0
456,92,56,83,2
309,61,64,71,1
359,76,107,99,2
296,65,71,20,1
307,21,20,91,1
118,82,33,75,1
380,95,25,86,2
56,18,137,11,0
250,96,86,97,2
240,12,112,85,1
54,35,82,28,0
486,46,124,98,2
186,62,136,34,1
107,39,77,38,0
169,50,65,89,1
397,89,106,28,1
233,48,41,22,0
281,94,126,76,2
335,45,82,24,1
400,12,116,42,1
220,17,131,50,0
434,24,59,19,0
303,15,83,51,0
23,68,114,78,1
259,56,141,22,1
335,15,122,15,0
141,57,72,44,0
439,43,45,35,1
152,34,55,59,0
329,80,6,61,1
236,38,99,70,1
185,76,117,81,1
390,92,52,58,2
96,99,54,72,1
127,89,101,11,1
227,88,69,28,1
459,15,24,16,0
305,36,81,61,1
494,40,20,55,1
197,30,34,85,1
75,73,143,54,1
287,95,141,36,1
58,51,37,35,0
335,37,54,22,0
160,76,93,88,1
416,77,89,78,2
400,42,47,78,1
422,24,45,30,0
273,16,52,51,0
168,66,134,77,1
94,20,67,81,0
321,41,23,50,1
485,97,67,11,1
410,47,103,11,1
118,87,119,95,1
63,55,70,87,1
268,63,83,36,1
409,46,103,82,1
295,49,33,15,0
400,55,17,16,1
283,33,52,77,1
95,74,135,26,1
191,36,11,35,0
66,95,6,20,0
411,71,70,43,1
47,34,44,96,0
179,23,115,29,0
281,64,100,31,1
331,83,26,43,1
439,50,8,98,1
463,21,101,40,1
207,92,73,10,1
40,80,147,98,1
444,46,142,62,2
457,60,134,28,1
224,52,14,28,0
403,53,133,56,1
349,62,127,47,1
104,54,125,48,1
164,81,143,79,1
432,11,93,12,0
66,84,20,31,0
383,40,19,85,1
36,98,29,30,0
252,90,81,98,2
159,90,141,84,2
375,17,70,38,0
58,23,39,52,0
105,45,97,23,0
214,44,56,56,1
79,89,131,82,1
98,14,12,58,0
23,38,54,70,0
380,31,59,56,1
161,99,127,23,1
55,71,147,28,1
369,20,46,85,1
449,85,112,15,1
171,60,142,85,1
41,17,91,52,0
283,74,150,43,1
72,71,122,79,1
268,69,140,22,1
119,81,97,23,1
55,94,55,79,1
284,17,15,75,0
365,27,138,37,1
263,76,87,83,1
45,84,33,36,0
113,10,13,26,0
94,26,135,30,0
368,97,89,12,1
360,25,6,24,0
114,72,97,27,0
487,33,104,90,2
158,42,42,99,1
305,49,19,70,1
449,41,91,99,2
169,77,36,93,1
68,10,84,79,0
28,43,139,36,0
147,58,82,24,0
371,27,136,43,1
356,91,44,53,1
285,68,39,96,1
325,75,89,47,1
243,16,137,83,1
340,57,15,100,1
250,10,11,28,0
349,51,43,66,1
82,21,82,51,0
164,59,70,60,1
238,23,122,31,0
58,25,9,81,0
179,60,87,85,1
450,74,10,11,1
445,33,118,91,2
340,69,94,47,1
283,53,68,71,1
406,54,75,51,1
208,99,143,54,1
151,69,114,10,0
488,88,20,67,2
396,70,19,52,1
409,73,125,36,1
342,24,78,35,0
439,11,94,28,1
469,26,140,75,1
459,86,48,35,1
79,44,97,81,1
175,77,105,38,1
483,12,77,11,0
346,18,94,81,1
196,34,132,53,1
405,100,57,68,2
145,94,22,10,0
365,19,37,64,1
456,83,142,75,2
429,20,93,74,1
296,56,17,14,0
129,43,41,78,0
79,39,11,74,0
148,90,52,52,1
123,23,44,95,0
401,64,136,62,2
336,67,104,99,2
236,23,115,41,0
400,69,57,66,1
41,23,128,75,0
154,60,14,88,1
277,24,147,91,1
168,80,114,79,1
157,89,82,42,1
156,20,91,43,0
260,85,28,49,1
101,25,105,96,1
350,26,7,14,0
486,37,142,81,2
335,98,27,49,1
35,36,146,59,0
183,36,110,55,1
63,56,144,59,1
413,33,138,13,1
134,36,123,38,0
171,97,38,71,1
430,25,129,48,1
293,12,12,35,0
91,77,147,17,1
473,25,135,32,1
157,93,30,82,1
113,37,128,77,1
222,63,13,23,0
91,32,114,25,0
148,93,11,16,0
336,70,129,22,1
340,95,106,90,2
104,11,49,68,0
141,25,22,72,0
403,67,76,57,1
315,79,35,25,1
192,89,50,81,1
221,70,148,25,1
243,45,87,42,1
66,55,52,11,0
231,53,70,21,0
82,71,29,38,0
215,92,104,77,2
112,43,105,71,1
352,95,28,66,1
391,98,85,71,2
198,30,129,71,1
176,28,48,16,0
281,62,117,39,1
243,32,85,24,0
72,73,149,36,1
39,43,88,88,1
22,21,35,89,0
326,23,67,26,0
366,72,66,94,2
109,76,145,17,1
309,19,71,85,1
72,49,109,71,1
464,88,95,21,1
370,70,108,86,2
207,64,37,46,1
378,74,115,55,2
75,53,62,32,0
37,22,150,60,0
250,54,22,61,1
374,99,121,52,2
219,17,131,27,0
212,25,68,38,0
207,55,113,51,1
219,45,59,53,1
358,97,130,37,2
424,32,126,14,1
407,26,87,50,1
375,42,74,28,1
404,62,24,21,1
200,91,150,36,1
352,20,51,51,0
161,92,7,21,0
342,36,99,34,1
24,27,50,36,0
316,53,103,62,1
458,52,49,61,1
36,51,70,98,1
187,36,117,75,1
453,47,31,32,1
295,45,111,42,1
390,84,36,51,1
112,11,134,20,0
498,17,79,89,1
160,24,46,29,0
193,79,26,68,1
64,42,37,82,0
69,93,38,10,0
416,34,85,71,1
239,79,121,14,1
170,33,7,37,0
166,45,13,41,0
466,92,135,73,2
142,69,23,35,0
368,71,90,54,1
108,64,134,25,1
237,74,24,49,1
78,21,77,90,0
435,19,73,16,0
45,55,107,98,1
449,43,125,91,2
176,100,110,97,2
289,57,54,15,0
48,88,68,42,1
41,38,21,51,0
277,99,101,65,2
303,49,91,14,1
138,70,141,88,1
402,51,129,74,2
85,37,132,40,0
313,47,37,77,1
425,15,72,87,1
227,23,30,56,0
172,53,57,72,1
430,91,89,12,1
246,72,60,76,1
233,76,118,88,2
301,98,60,94,2
49,75,150,53,1
456,17,149,18,1
429,97,5,29,1
285,87,37,34,1
93,39,80,77,0
272,28,147,35,1
451,65,59,91,2
51,36,115,60,0
418,43,22,52,1
162,95,84,53,1
155,80,31,30,0
35,17,138,89,0
217,68,28,57,1
350,90,27,18,1
151,97,146,17,1
298,36,33,67,1
450,47,10,71,1
378,63,67,25,1
36,84,81,49,1
99,95,92,14,1
359,82,44,28,1
326,30,133,15,1
333,82,73,42,1
152,11,106,53,0
324,31,46,85,1
48,63,57,88,1
367,78,72,17,1
442,12,140,16,1
435,43,45,38,1
490,66,123,36,2
182,84,150,73,1
273,14,111,72,1
341,77,95,55,1
136,45,123,25,0
454,10,132,23,1
87,59,111,92,1
196,93,137,75,2
320,73,10,19,1
31,71,39,71,0
26,31,71,70,0
480,98,91,72,2
80,63,70,39,0
132,99,69,53,1
82,14,21,21,0
393,73,88,74,2
277,71,78,81,1
120,59,114,99,1
32,56,13,33,0
181,87,128,17,1
156,95,61,95,1
189,96,81,33,1
417,96,57,46,2
180,23,72,37,0
375,74,51,24,1
445,38,110,71,1
43,63,46,47,0
207,23,59,36,0
152,68,57,34,0
106,86,125,64,1
159,70,124,31,1
239,75,93,68,1
92,53,6,36,0
115,13,20,28,0
111,95,73,12,1
431,55,62,24,1
189,54,70,87,1
270,33,64,34,0
377,97,134,90,2
115,63,19,87,1
317,41,67,79,1
204,97,38,68,1
45,65,122,11,0
101,89,76,22,1
197,61,99,24,1
73,31,73,53,0
432,37,97,65,1
211,13,124,98,1
158,16,7,90,0
472,12,139,52,1
352,85,19,58,1
261,29,14,58,0
450,56,108,99,2
281,17,33,18,0
342,94,71,24,1
93,86,96,38,1
120,55,92,72,1
233,16,107,48,0
167,39,113,81,1
253,33,134,62,1
135,56,29,81,1
35,63,121,24,0
427,25,57,12,0
435,79,74,50,1
370,80,21,45,1
275,19,77,82,1
89,62,64,97,1
471,13,36,28,0
90,38,26,13,0
227,61,13,37,0
115,88,138,42,1
106,42,141,32,0
208,14,5,26,0
398,88,84,61,2
369,46,138,82,2
360,38,110,42,1
30,11,104,22,0
402,16,148,38,1
115,67,71,29,0
384,77,135,82,2
450,77,114,49,2
102,80,18,36,0
285,37,83,93,1
398,21,128,20,1
170,35,103,64,1
457,36,143,23,1
294,87,19,56,1
495,14,65,42,1
427,99,15,82,2
152,44,80,96,1
245,39,88,52,1
489,31,76,37,1
439,39,48,34,1
314,80,91,83,2
315,30,96,66,1
98,28,126,50,0
149,59,32,79,1
342,56,16,81,1
432,16,72,46,1
316,97,60,29,1
49,61,8,93,1
382,31,48,89,1
36,76,74,34,0
367,54,105,91,2
237,62,53,68,1
295,70,119,10,1
422,24,32,46,1
145,33,13,34,0
481,31,40,52,1
127,40,72,63,0
413,26,133,39,1
326,65,73,40,1
387,58,38,51,1
354,49,12,35,1
82,60,42,82,1
250,86,89,50,1
443,47,115,17,1
382,19,48,90,1
281,80,103,69,1
403,12,112,57,1
434,78,28,69,1
23,12,80,76,0
168,86,59,89,1
388,89,48,74,2
118,48,108,48,0
221,64,18,48,1
274,75,39,24,1
321,80,112,92,2
246,14,62,14,0
186,58,86,46,1
497,42,48,61,1
373,54,77,21,1
322,96,41,85,2
411,25,54,94,1
390,28,60,68,1
334,90,50,82,2
282,67,9,71,1
160,24,23,76,0
180,78,102,100,1
387,90,127,28,1
111,47,70,15,0
339,56,145,95,2
268,48,62,35,1
383,58,100,93,2
249,92,32,47,1
321,53,77,82,1
473,100,109,50,2
403,16,143,98,1
58,26,128,72,0
400,18,32,42,0
258,57,53,82,1
305,100,14,14,1
95,45,105,34,0
427,47,97,41,1
220,78,14,87,1
427,41,81,37,1
391,90,27,29,1
28,22,146,61,0
76,10,148,41,0
139,98,145,29,1
176,71,42,76,1
431,81,56,96,2
464,15,16,40,0
326,82,120,67,2
452,61,107,20,1
448,93,25,66,2
292,89,120,13,1
269,74,125,100,2
420,43,131,51,1
499,56,77,68,2
51,27,117,51,0
494,20,75,41,1
278,93,12,70,1
170,46,64,99,1
477,28,106,20,1
50,15,92,90,0
47,25,127,14,0
116,14,141,78,0
334,58,140,87,2
275,58,48,22,0
24,32,62,58,0
397,98,97,54,2
44,25,86,64,0
408,42,106,47,1
232,62,12,39,0
127,41,100,92,1
176,90,120,97,2
176,93,92,28,1
423,75,39,80,2
399,91,74,37,1
257,64,11,60,1
241,13,6,50,0
484,67,14,61,1
224,88,10,63,1
306,76,71,73,1
136,64,49,81,1
379,87,56,20,1
216,45,45,70,1
231,46,124,12,0
488,63,26,52,1
380,38,124,49,1
76,54,145,65,1
46,67,132,23,0
128,16,114,33,0
134,76,57,30,0
370,15,56,76,1
72,75,149,78,1
90,61,43,13,0
192,46,66,44,0
341,85,85,66,2
300,75,150,66,2
397,25,130,81,1
430,26,136,62,1
136,42,56,80,1
339,73,111,57,1
23,51,6,94,0
386,17,105,50,1
427,73,66,95,2
128,69,67,20,0
149,46,50,66,0
369,71,8,11,1
169,91,70,71,1
326,42,35,83,1
184,39,134,99,1
220,51,50,63,1
429,36,145,42,1
135,70,100,61,1
142,38,44,86,1
230,47,53,95,1
67,10,41,35,0
132,45,52,49,0
496,41,21,47,1
321,54,109,99,2
487,39,29,27,1
479,85,33,20,1
182,18,141,33,0
366,58,55,45,1
56,51,92,25,0
425,55,68,10,1
312,94,78,45,1
176,72,50,89,1
412,45,121,75,1
120,73,48,55,1
309,46,66,60,1
336,95,139,90,2
361,86,15,56,1
363,91,53,84,2
189,43,6,93,1
451,53,66,93,2
500,52,35,48,1
183,55,37,33,0
155,94,120,39,1
146,84,102,38,1
432,71,97,73,2
419,76,133,13,1
390,97,13,61,1
387,41,59,81,1
292,15,32,97,1
167,61,63,91,1
444,73,85,65,2
442,49,116,86,2
448,65,48,88,2
307,49,67,68,1
395,65,11,40,1
473,48,24,80,1
129,100,49,36,1
91,42,49,91,1
398,57,101,84,2
426,10,77,52,1
50,24,96,52,0
184,39,101,65,1
170,18,33,46,0
50,80,45,59,1
355,87,97,20,1
378,44,64,76,1
314,55,142,79,1
390,82,45,19,1
189,24,121,66,1
320,78,126,74,2
122,69,75,26,0
130,96,29,34,1
387,81,143,15,1
388,68,98,81,2
59,51,149,80,1
456,43,102,88,2
403,12,144,78,1
477,59,10,42,1
355,45,133,55,1
303,37,27,52,0
240,78,146,82,2
369,45,81,59,1
43,65,13,51,0
282,27,77,34,0
320,77,14,56,1
104,48,9,92,0
201,65,150,75,1
385,50,134,50,1
453,13,11,41,0
482,94,61,85,2
460,99,9,68,2
292,38,93,32,1
26,82,93,46,1
165,35,30,47,0
471,91,63,64,2
421,62,96,18,1
467,56,139,80,2
458,53,20,85,1
224,85,26,17,1
428,20,31,37,0
189,90,136,66,1
21,25,71,79,0
300,17,97,54,1
460,24,95,16,1
347,65,139,90,2
159,12,27,14,0
148,61,45,99,1
261,19,130,81,1
455,100,35,11,1
204,58,84,76,1
307,39,109,36,1
245,77,73,78,1
242,67,52,53,1
99,24,9,34,0
222,45,96,26,0
497,32,58,95,1
371,48,137,24,1
108,26,13,100,0
195,73,8,32,0
54,68,54,89,1
321,98,150,62,2
427,57,91,34,1
197,81,39,45,1
198,78,49,91,1
335,48,131,74,1
430,39,68,46,1
141,55,27,55,0
51,26,86,66,0
221,83,129,27,1
452,52,139,10,1
94,73,96,35,1
395,28,54,10,0
41,19,32,68,0
52,26,147,88,1
53,73,50,55,0
286,57,60,64,1
281,73,88,76,1
115,10,61,29,0
475,61,107,41,1
288,19,104,35,0
252,17,127,65,1
229,89,50,29,1
20,76,20,30,0
273,19,55,60,0
111,60,131,29,1
35,92,13,45,0
35,63,36,32,0
238,68,28,41,1
417,54,144,35,1
86,67,69,58,1
419,34,50,56,1
216,36,100,53,1
473,74,91,10,1
194,65,112,65,1
402,100,93,36,2
403,12,137,39,1
92,100,59,50,1
133,24,36,11,0
189,78,97,79,1
361,94,119,49,2
171,15,88,87,1
138,26,111,75,1
69,34,101,33,0
113,39,117,10,0
214,89,82,58,1
241,63,138,67,1
346,36,149,13,1
69,97,39,91,1
325,54,44,30,1
419,42,5,37,1
353,21,6,59,0
83,22,125,55,0
269,17,19,48,0
294,53,84,74,1
